,ID,Image_Name,Question,Sub_Question,Consumer_Answer
0,10934,Kotex_NW_110003_110003_D1a_0.jpg,理想中的经期肌肤洁净-看起来像,,看起来像一块很柔软的抱枕，看上去特别的柔软而且很洁白的感觉。
1,10935,Kotex_NW_110003_110003_D2a_0.jpg,理想中的经期肌肤洁净-摸起来像,,摸起来很光滑，丝柔像洁白的盘子面一样，不会有颗粒感。
2,10936,Kotex_NW_110003_110003_D3a_0.jpg,理想中的经期肌肤洁净-闻起来像,,闻起来像大自然的味道，仿佛在草地里面跑，可以包含一些很自然的清香，比如说草坪啊天空啊，海洋啊等等。
3,10937,Kotex_NW_110003_110003_D4a_0.jpg,理想中的经期肌肤洁净-听起来像,,听起来像是水滴的声音，就会觉得滴答滴答的特别的清晰，然后在安静的环境里会让人特别的心旷神怡。
4,10947,Sofy_NFS_110004_110004_D1a_0.jpg,理想中的经期肌肤洁净-看起来像,,理想的肌肤清洁卫生巾看起来像云朵一样摸起来柔柔的，看起来非常的舒适温暖。
5,10948,Sofy_NFS_110004_110004_D2a_0.jpg,理想中的经期肌肤洁净-摸起来像,,我希望它摸起来像霞光，没有存在感，但是又特别的舒适。
6,10949,Sofy_NFS_110004_110004_D3a_0.jpg,理想中的经期肌肤洁净-闻起来像,,我希望它闻起来有一股淡淡的花香，就像春天的花儿一样。
7,10950,Sofy_NFS_110004_110004_D4a_0.jpg,理想中的经期肌肤洁净-听起来像,,我希望可以提供理想肌肤洁净的卫生巾，听起来像风一样没有声音，却又纯净带走那一丝炽热。
8,10958,Laurier_SSG_110005_110005_D1a_0.jpg,理想中的经期肌肤洁净-看起来像,,是自然的有机的
9,10959,Laurier_SSG_110005_110005_D2a_0.jpg,理想中的经期肌肤洁净-摸起来像,,有大自然的气息，然后还有水果的淡淡清香。
10,10960,Laurier_SSG_110005_110005_D3a_0.jpg,理想中的经期肌肤洁净-闻起来像,,大海，蓝天，淡淡的清香。
11,10961,Laurier_SSG_110005_110005_D4a_0.jpg,理想中的经期肌肤洁净-听起来像,,像海浪拍打过来的声音。
12,10971,ABC_110006_110006_D1a_0.jpg,理想中的经期肌肤洁净-看起来像,,安静舒适干净绵软
13,10972,ABC_110006_110006_D2a_0.jpg,理想中的经期肌肤洁净-摸起来像,,理想的卫生巾摸起来非常的干净，柔软。纯棉的呵护，像小被子一样包裹着我，贴心，踏实
14,10973,ABC_110006_110006_D3a_0.jpg,理想中的经期肌肤洁净-闻起来像,,理想的卫生巾应该是清香的，有香味的，可以加入精油成分，或者联名
15,10974,ABC_110006_110006_D4a_0.jpg,理想中的经期肌肤洁净-听起来像,,理想的卫生巾吸附能力强，会非常干净，健康，吸收能力强
16,10984,Laurier_SSG_110007_110007_D1a_0.jpg,理想中的经期肌肤洁净-看起来像,,材质更天然更安全无刺激。
17,10985,Laurier_SSG_110007_110007_D2a_0.jpg,理想中的经期肌肤洁净-摸起来像,,摸起来很柔软，给人一种很安全，温馨的感觉。
18,10986,Laurier_SSG_110007_110007_D3a_0.jpg,理想中的经期肌肤洁净-闻起来像,,就像可以闻到阳光的味道一样。
19,10987,Laurier_SSG_110007_110007_D4a_0.jpg,理想中的经期肌肤洁净-听起来像,,听起来不是廉价塑料
20,10997,Whisper_Pink_110010_110010_D1a_0.jpg,理想中的经期肌肤洁净-看起来像,,我希望卫生巾看起来他是洁白的，是棉花的。
21,10998,Whisper_Pink_110010_110010_D2a_0.jpg,理想中的经期肌肤洁净-摸起来像,,希望可以提供给我的理想肌肤，感受是柔软的。
22,10999,Whisper_Pink_110010_110010_D3a_0.jpg,理想中的经期肌肤洁净-闻起来像,,我感觉闻起来应该是无色无味的。
23,11000,Whisper_Pink_110010_110010_D4a_0.jpg,理想中的经期肌肤洁净-听起来像,,听起来应该是棉柔的小溪。
24,11010,Whisper_Pink_110013_110013_D1a_0.jpg,理想中的经期肌肤洁净-看起来像,,看起来应该是干净的洁白的，而且看上去会非常的轻盈，透气感很强的。
25,11011,Whisper_Pink_110013_110013_D2a_0.jpg,理想中的经期肌肤洁净-摸起来像,,摸起来应该是手感很薄的，很轻薄的，而且有透气感的，就跟花瓣儿似的。
26,11012,Whisper_Pink_110013_110013_D3a_0.jpg,理想中的经期肌肤洁净-闻起来像,,闻起来，我觉得应该有淡淡的洁白的花香的味道而不浓郁的。
27,11013,Whisper_Pink_110013_110013_D4a_0.jpg,理想中的经期肌肤洁净-听起来像,,听起来应该有大海的海浪声，让人觉得心胸的非常宽阔，可以忘记烦恼。
28,11023,Kotex_NW_110015_110015_D1a_0.jpg,理想中的经期肌肤洁净-看起来像,,看着经期应该像蛋糕奶油。
29,11024,Kotex_NW_110015_110015_D2a_0.jpg,理想中的经期肌肤洁净-摸起来像,,摸起来就很滑溜。
30,11025,Kotex_NW_110015_110015_D3a_0.jpg,理想中的经期肌肤洁净-闻起来像,,看起来像冰激凌一样香。
31,11026,Kotex_NW_110015_110015_D4a_0.jpg,理想中的经期肌肤洁净-听起来像,,听起来像好听的音乐。
32,11036,Kotex_NW_110016_110016_D1a_0.jpg,理想中的经期肌肤洁净-看起来像,,应该像干净的花瓣儿一样。
33,11037,Kotex_NW_110016_110016_D2a_0.jpg,理想中的经期肌肤洁净-摸起来像,,摸起来应该是像天空一样透气感强。
34,11038,Kotex_NW_110016_110016_D3a_0.jpg,理想中的经期肌肤洁净-闻起来像,,闻起来应该像花儿一样，有淡淡的香味。
35,11039,Kotex_NW_110016_110016_D4a_0.jpg,理想中的经期肌肤洁净-听起来像,,我认为理想的肌肤洁净卫生巾，听起来应该像假期一样让人觉得心情舒适。
36,11049,Whisper_Pink_110020_110020_D1a_0.jpg,理想中的经期肌肤洁净-看起来像,,我觉得卫生巾应该看起来就很光滑吧，就是让人一眼就能觉得很舒服，舒适顺滑。
37,11050,Whisper_Pink_110020_110020_D2a_0.jpg,理想中的经期肌肤洁净-摸起来像,,我觉得应该像柔软的棉花，就是摸起来很舒服，很柔软，然后很亲肤细腻。
38,11051,Whisper_Pink_110020_110020_D3a_0.jpg,理想中的经期肌肤洁净-闻起来像,,我觉得应该闻起来有淡淡的香味，最好是这种天然的花香，让人觉得既干净有甜，然后也很闻起来让人觉得心情舒畅。
39,11052,Whisper_Pink_110020_110020_D4a_0.jpg,理想中的经期肌肤洁净-听起来像,,我觉得应该像宝宝盖的贴身的棉被，就是很松软柔软，呵护人的感觉阿，让人用起来觉得非常的放心。
40,11062,7S_Teen_Super_Thin_110021_110021_D1a_0.jpg,理想中的经期肌肤洁净-看起来像,,一片绿色，看起来像树叶一样轻盈。
41,11063,7S_Teen_Super_Thin_110021_110021_D3a_0.jpg,理想中的经期肌肤洁净-闻起来像,,会有一些香味，觉得很干净。
42,11064,7S_Teen_Super_Thin_110021_110021_D2a_0.jpg,理想中的经期肌肤洁净-摸起来像,,像云彩一样软软的。
43,11065,7S_Teen_Super_Thin_110021_110021_D4a_0.jpg,理想中的经期肌肤洁净-听起来像,,听起来像风一样，很轻柔。
44,11075,Whisper_Pink_110022_110022_D1a_0.jpg,理想中的经期肌肤洁净-看起来像,,像粉色的花一样，阳光。
45,11076,Whisper_Pink_110022_110022_D2a_0.jpg,理想中的经期肌肤洁净-摸起来像,,像雨后的空气，植物，像一切都洗过一样。
46,11077,Whisper_Pink_110022_110022_D3a_0.jpg,理想中的经期肌肤洁净-闻起来像,,像云朵一样，摸上去软软的。
47,11078,Whisper_Pink_110022_110022_D4a_0.jpg,理想中的经期肌肤洁净-听起来像,,像小鸟的叫声。
48,11295,ABC_110058_110058_D3a_0.jpg,理想中的经期肌肤洁净-闻起来像,,理想的肌肤洁净室感觉卫生巾的贴合度比较好，然后在来姨妈的时候不会弄到内裤上，然后就不需要用那种内裤清洗液专门去清洗。
49,11085,Sofy_BF_0.1_110027_110027_D1a_0.jpg,理想中的经期肌肤洁净-看起来像,,像画里的白色染料。
50,11086,Sofy_BF_0.1_110027_110027_D2a_0.jpg,理想中的经期肌肤洁净-摸起来像,,像云朵一样柔软。
51,11087,Sofy_BF_0.1_110027_110027_D3a_0.jpg,理想中的经期肌肤洁净-闻起来像,,像花一样白色的花一样。
52,11088,Sofy_BF_0.1_110027_110027_D4a_0.jpg,理想中的经期肌肤洁净-听起来像,,像听到放假了，轻松的感觉
53,11098,7S_Teen_Super_Thin_110028_110028_D1a_0.jpg,理想中的经期肌肤洁净-看起来像,,看起来很清新舒适。
54,11099,7S_Teen_Super_Thin_110028_110028_D2a_0.jpg,理想中的经期肌肤洁净-摸起来像,,有阳光，特别舒服的感觉[呲牙]。
55,11100,7S_Teen_Super_Thin_110028_110028_D3a_0.jpg,理想中的经期肌肤洁净-闻起来像,,大自然阳光很暖的味道
56,11101,7S_Teen_Super_Thin_110028_110028_D4a_0.jpg,理想中的经期肌肤洁净-听起来像,,像阳光一样舒服。
57,11111,7S_Teen_Super_Thin_110029_110029_D1a_0.jpg,理想中的经期肌肤洁净-看起来像,,看起来像云朵一样舒适。
58,11112,7S_Teen_Super_Thin_110029_110029_D2a_0.jpg,理想中的经期肌肤洁净-摸起来像,,摸起来像猫咪一样柔软。
59,11113,7S_Teen_Super_Thin_110029_110029_D3a_0.jpg,理想中的经期肌肤洁净-闻起来像,,闻起来像花一样香。
60,11114,7S_Teen_Super_Thin_110029_110029_D4a_0.jpg,理想中的经期肌肤洁净-听起来像,,听起来像风吹一样。
61,11124,Laurier_SSG_110031_110031_D1a_0.jpg,理想中的经期肌肤洁净-看起来像,,干干净净，柔柔，软软。
62,11125,Laurier_SSG_110031_110031_D2a_0.jpg,理想中的经期肌肤洁净-摸起来像,,像太阳一样，很温暖，不潮湿。有一种干爽的感觉。
63,11126,Laurier_SSG_110031_110031_D3a_0.jpg,理想中的经期肌肤洁净-闻起来像,,很凉爽，不捂。
64,11127,Laurier_SSG_110031_110031_D4a_0.jpg,理想中的经期肌肤洁净-听起来像,,向暖风微微地吹着。身体感到暖暖的，但又不很闷热。
65,11137,Kotex_NW_110033_110033_D1a_0.jpg,理想中的经期肌肤洁净-看起来像,,安静清爽，自由。
66,11138,Kotex_NW_110033_110033_D2a_0.jpg,理想中的经期肌肤洁净-摸起来像,,愉悦[呲牙]，放松。
67,11139,Kotex_NW_110033_110033_D3a_0.jpg,理想中的经期肌肤洁净-闻起来像,,快乐友爱，团结。
68,11140,Kotex_NW_110033_110033_D4a_0.jpg,理想中的经期肌肤洁净-听起来像,,像风，像黑夜里面的一盏明灯。
69,11150,Sofy_BF_0.1_110035_110035_D1a_0.jpg,理想中的经期肌肤洁净-看起来像,,很少女心，并且很薄。
70,11151,Sofy_BF_0.1_110035_110035_D2a_0.jpg,理想中的经期肌肤洁净-摸起来像,,摸起来很平滑。
71,11152,Sofy_BF_0.1_110035_110035_D3a_0.jpg,理想中的经期肌肤洁净-闻起来像,,甜甜的糕点。
72,11153,Sofy_BF_0.1_110035_110035_D4a_0.jpg,理想中的经期肌肤洁净-听起来像,,像花瓣的声音很轻。
73,11163,Sofy_BF_0.1_110036_110036_D1a_0.jpg,理想中的经期肌肤洁净-看起来像,,像泡沫一样洁净。
74,11164,Sofy_BF_0.1_110036_110036_D2a_0.jpg,理想中的经期肌肤洁净-摸起来像,,像脸一样柔软。
75,11165,Sofy_BF_0.1_110036_110036_D3a_0.jpg,理想中的经期肌肤洁净-闻起来像,,闻起来非常清新。
76,11166,Sofy_BF_0.1_110036_110036_D4a_0.jpg,理想中的经期肌肤洁净-听起来像,,很舒服的海浪的声音。
77,11176,Laurier_Local_F_110037_110037_D1a_0.jpg,理想中的经期肌肤洁净-看起来像,,给肌肤提供干净的卫生巾，应该看起来像花一样颜色鲜艳。
78,11177,Laurier_Local_F_110037_110037_D2a_0.jpg,理想中的经期肌肤洁净-摸起来像,,应该摸起来像柔软的纱布一样柔软绵柔。
79,11178,Laurier_Local_F_110037_110037_D3a_0.jpg,理想中的经期肌肤洁净-闻起来像,,闻起来像早上雨后的公园一样，气味清新。
80,11179,Laurier_Local_F_110037_110037_D4a_0.jpg,理想中的经期肌肤洁净-听起来像,,听起来像田间的风。
81,11189,Laurier_SSG_110039_110039_D1a_0.jpg,理想中的经期肌肤洁净-看起来像,,像身处在大自然一样清新，干净。
82,11190,Laurier_SSG_110039_110039_D2a_0.jpg,理想中的经期肌肤洁净-摸起来像,,像肌肤护理一样柔软，温和，不刺激。
83,11191,Laurier_SSG_110039_110039_D3a_0.jpg,理想中的经期肌肤洁净-闻起来像,,闻起来像在花丛中一样。
84,11192,Laurier_SSG_110039_110039_D4a_0.jpg,理想中的经期肌肤洁净-听起来像,,听起来像在海边很清新。
85,11202,Laurier_SSG_110042_110042_D1a_0.jpg,理想中的经期肌肤洁净-看起来像,,非常的柔软，丝滑，不黏腻。
86,11203,Laurier_SSG_110042_110042_D2a_0.jpg,理想中的经期肌肤洁净-摸起来像,,像婴儿般的脸，比较柔嫩。
87,11204,Laurier_SSG_110042_110042_D3a_0.jpg,理想中的经期肌肤洁净-闻起来像,,蓝天绿地，非常清爽。
88,11205,Laurier_SSG_110042_110042_D4a_0.jpg,理想中的经期肌肤洁净-听起来像,,应该像云朵，非常的柔软，轻盈。
89,11215,Laurier_Local_F_110044_110044_D1a_0.jpg,理想中的经期肌肤洁净-看起来像,,蓝色无污染，干净。
90,11216,Laurier_Local_F_110044_110044_D2a_0.jpg,理想中的经期肌肤洁净-摸起来像,,自由自在，有氧呼吸。
91,11217,Laurier_Local_F_110044_110044_D3a_0.jpg,理想中的经期肌肤洁净-闻起来像,,自由，随心所欲。
92,11218,Laurier_Local_F_110044_110044_D4a_0.jpg,理想中的经期肌肤洁净-听起来像,,像鲜花一样美丽自然。
93,11228,Sofy_BF_0.1_110045_110045_D1a_0.jpg,理想中的经期肌肤洁净-看起来像,,我认为应该比较清新，比较纯净。
94,11229,Sofy_BF_0.1_110045_110045_D2a_0.jpg,理想中的经期肌肤洁净-摸起来像,,就摸起来绵绵的软软的，比较的纯净，比较绿色。
95,11230,Sofy_BF_0.1_110045_110045_D3a_0.jpg,理想中的经期肌肤洁净-闻起来像,,我觉得闻起来应该比较温馨，比较清新，就像可爱的草莓一样。
96,11231,Sofy_BF_0.1_110045_110045_D4a_0.jpg,理想中的经期肌肤洁净-听起来像,,我觉得听起来要软绵绵的，像小小的猫咪叫声一样。
97,11241,Laurier_SSG_110053_110053_D1a_0.jpg,理想中的经期肌肤洁净-看起来像,,应该看起来像光滑的肌肤，柔软贴肤。
98,11242,Laurier_SSG_110053_110053_D2a_0.jpg,理想中的经期肌肤洁净-摸起来像,,空气质感，仿若无物。
99,11243,Laurier_SSG_110053_110053_D3a_0.jpg,理想中的经期肌肤洁净-闻起来像,,有淡淡的花香。
100,11244,Laurier_SSG_110053_110053_D4a_0.jpg,理想中的经期肌肤洁净-听起来像,,质感丝滑，像丝绸一样。
101,11254,7S_Teen_Super_Thin_110054_110054_D1a_0.jpg,理想中的经期肌肤洁净-看起来像,,很柔软，很暖和。
102,11255,7S_Teen_Super_Thin_110054_110054_D2a_0.jpg,理想中的经期肌肤洁净-摸起来像,,很像猫咪一样高级。
103,11256,7S_Teen_Super_Thin_110054_110054_D3a_0.jpg,理想中的经期肌肤洁净-闻起来像,,很香甜，香味非常好闻。
104,11257,7S_Teen_Super_Thin_110054_110054_D4a_0.jpg,理想中的经期肌肤洁净-听起来像,,像抚摸棉花一样柔软。
105,11267,Laurier_SSG_110055_110055_D1a_0.jpg,理想中的经期肌肤洁净-看起来像,,像水一样纯净。
106,11268,Laurier_SSG_110055_110055_D2a_0.jpg,理想中的经期肌肤洁净-摸起来像,,卫生巾纹路分明。
107,11269,Laurier_SSG_110055_110055_D3a_0.jpg,理想中的经期肌肤洁净-闻起来像,,像云朵的那种。
108,11270,Laurier_SSG_110055_110055_D4a_0.jpg,理想中的经期肌肤洁净-听起来像,,花朵绽放的声音。
109,11280,Sofy_BF_0.1_110056_110056_D1a_0.jpg,理想中的经期肌肤洁净-看起来像,,清新自然，柔软
110,11281,Sofy_BF_0.1_110056_110056_D2a_0.jpg,理想中的经期肌肤洁净-摸起来像,,柔软的棉花
111,11282,Sofy_BF_0.1_110056_110056_D3a_0.jpg,理想中的经期肌肤洁净-闻起来像,,清新花朵
112,11283,Sofy_BF_0.1_110056_110056_D4a_0.jpg,理想中的经期肌肤洁净-听起来像,,美妙的音乐
113,11293,ABC_110058_110058_D1a_0.jpg,理想中的经期肌肤洁净-看起来像,,理想中的肌肤洁净的看起来是就是比较干净，然后不会有粘的感觉，然后在使用卫生巾的时候不用使用湿巾。
114,11294,ABC_110058_110058_D2a_0.jpg,理想中的经期肌肤洁净-摸起来像,,理想的肌肤，洁净的卫生巾就是感觉有一点香味儿，然后是没有异味儿，然后在经期的时候不需要使用经期的沐浴露。
115,11296,ABC_110058_110058_D4a_0.jpg,理想中的经期肌肤洁净-听起来像,,理想中的肌肤洁净的卫生巾，就是感觉像在经期中使用卫生巾，就像使用护肤品一样，不会有闷的感觉。清爽舒适
116,11306,Laurier_SSG_110060_110060_D1a_0.jpg,理想中的经期肌肤洁净-看起来像,,感觉如沐春风。
117,11307,Laurier_SSG_110060_110060_D2a_0.jpg,理想中的经期肌肤洁净-摸起来像,,像云一样的清透 轻盈
118,11308,Laurier_SSG_110060_110060_D3a_0.jpg,理想中的经期肌肤洁净-闻起来像,,春天里的花园。
119,11309,Laurier_SSG_110060_110060_D4a_0.jpg,理想中的经期肌肤洁净-听起来像,,海风的声音。
120,11319,7S_Teen_Super_Thin_110064_110064_D1a_0.jpg,理想中的经期肌肤洁净-看起来像,,我理想的肌肤洁净，看起来就像蓝天白云一样，特别的干净，特别的清爽。
121,11320,7S_Teen_Super_Thin_110064_110064_D2a_0.jpg,理想中的经期肌肤洁净-摸起来像,,理想的肌肤洁净就是摸起来像花儿一样，然后闻起来很清香，看起来很健康。
122,11321,7S_Teen_Super_Thin_110064_110064_D3a_0.jpg,理想中的经期肌肤洁净-闻起来像,,我理想的肌肤洁净状态就是闻起来是新鲜的，像刚采摘下来的荷花和莲蓬一样，然后整个人的状态是很愉悦很放松的。
123,11322,7S_Teen_Super_Thin_110064_110064_D4a_0.jpg,理想中的经期肌肤洁净-听起来像,,理想的肌肤洁净就是听起来像清晨刚刚下过的一场雨，然后特别的湿润，特别的清新，呼吸一口就是空气，非常的清甜。
124,11332,7S_Teen_Super_Thin_110065_110065_D1a_0.jpg,理想中的经期肌肤洁净-看起来像,,希望能有像天空一样的自然的感觉。
125,11333,7S_Teen_Super_Thin_110065_110065_D2a_0.jpg,理想中的经期肌肤洁净-摸起来像,,希望能像大海一样特别的自然清新。
126,11334,7S_Teen_Super_Thin_110065_110065_D3a_0.jpg,理想中的经期肌肤洁净-闻起来像,,闻起来像甜品一样，清甜 干净。
127,11335,7S_Teen_Super_Thin_110065_110065_D4a_0.jpg,理想中的经期肌肤洁净-听起来像,,听起来就像水喷泉一样的声音，洁净
128,11345,7S_Teen_Super_Thin_110070_110070_D1a_0.jpg,理想中的经期肌肤洁净-看起来像,,看上去很服帖。
129,11346,7S_Teen_Super_Thin_110070_110070_D2a_0.jpg,理想中的经期肌肤洁净-摸起来像,,摸起来很安心。
130,11347,7S_Teen_Super_Thin_110070_110070_D3a_0.jpg,理想中的经期肌肤洁净-闻起来像,,像七度空间这样少女系。
131,11348,7S_Teen_Super_Thin_110070_110070_D4a_0.jpg,理想中的经期肌肤洁净-听起来像,,听起好用。
132,11358,Laurier_SSG_110079_110079_D1a_0.jpg,理想中的经期肌肤洁净-看起来像,,有阳光的味道。
133,11359,Laurier_SSG_110079_110079_D2a_0.jpg,理想中的经期肌肤洁净-摸起来像,,像绒布，摸起来柔软亲肤。
134,11360,Laurier_SSG_110079_110079_D3a_0.jpg,理想中的经期肌肤洁净-闻起来像,,森林般的清新。
135,11361,Laurier_SSG_110079_110079_D4a_0.jpg,理想中的经期肌肤洁净-听起来像,,海上冲浪般的肆意
136,11371,Laurier_SSG_110081_110081_D1a_0.jpg,理想中的经期肌肤洁净-看起来像,,像夏天清凉的饮料，很凉爽透气。
137,11372,Laurier_SSG_110081_110081_D2a_0.jpg,理想中的经期肌肤洁净-摸起来像,,我理想的卫生洁净应该像德芙巧克力一样，纵享丝滑，很干净。
138,11373,Laurier_SSG_110081_110081_D3a_0.jpg,理想中的经期肌肤洁净-闻起来像,,就像好的皮肤一样，看起来很白净。
139,11374,Laurier_SSG_110081_110081_D4a_0.jpg,理想中的经期肌肤洁净-听起来像,,就像下雪天一样，很干净，舒服的感觉。
140,11384,7S_Teen_Super_Thin_110083_110083_D1a_0.jpg,理想中的经期肌肤洁净-看起来像,,卫生巾看起来应该像牛奶一样，就是丝滑，光滑舒适。
141,11385,7S_Teen_Super_Thin_110083_110083_D2a_0.jpg,理想中的经期肌肤洁净-摸起来像,,摸起来像棉花一样的柔软。
142,11386,7S_Teen_Super_Thin_110083_110083_D3a_0.jpg,理想中的经期肌肤洁净-闻起来像,,闻起来像花儿一样的清香的香味儿。
143,11387,7S_Teen_Super_Thin_110083_110083_D4a_0.jpg,理想中的经期肌肤洁净-听起来像,,听起来应该想在大海里，这个水母游动声音。安静
144,11397,7S_Teen_Super_Thin_110084_110084_D1a_0.jpg,理想中的经期肌肤洁净-看起来像,,应该还有一定的植物绿色植物成分，对人体干净无害。
145,11398,7S_Teen_Super_Thin_110084_110084_D2a_0.jpg,理想中的经期肌肤洁净-摸起来像,,像身体乳一样柔滑，呵护肌肤。
146,11399,7S_Teen_Super_Thin_110084_110084_D3a_0.jpg,理想中的经期肌肤洁净-闻起来像,,像水一样柔和，裸感，贴合肌肤，很好的保护自己。
147,11400,7S_Teen_Super_Thin_110084_110084_D4a_0.jpg,理想中的经期肌肤洁净-听起来像,,听起来像大自然，对人体无害清新有活力。
148,11410,Sofy_BF_0.1_110087_110087_D1a_0.jpg,理想中的经期肌肤洁净-看起来像,,肌肤洁净的卫生巾应该是很干净的样子。
149,11411,Sofy_BF_0.1_110087_110087_D2a_0.jpg,理想中的经期肌肤洁净-摸起来像,,摸起来的话，应该是温暖的吧，然后就是舒服的吗？
150,11412,Sofy_BF_0.1_110087_110087_D3a_0.jpg,理想中的经期肌肤洁净-闻起来像,,闻起来的话，应该像青草的味道吧。
151,11413,Sofy_BF_0.1_110087_110087_D4a_0.jpg,理想中的经期肌肤洁净-听起来像,,听起来的话，应该像树叶吹被风吹起来沙沙的声音。
152,11422,Whisper_Pink_110090_110090_D1a_0.jpg,理想中的经期肌肤洁净-看起来像,,理想的肌肤就是自然般的通透的清澈的。
153,11423,Whisper_Pink_110090_110090_D2a_0.jpg,理想中的经期肌肤洁净-摸起来像,,理想的肌肤就像去了壳的鸡蛋一样洁净。
154,11424,Whisper_Pink_110090_110090_D3a_0.jpg,理想中的经期肌肤洁净-闻起来像,,理想的肌肤就是通透，水润自然。
155,11425,Whisper_Pink_110090_110090_D4a_0.jpg,理想中的经期肌肤洁净-听起来像,,听起来像和煦的风，很自然啊，风吹在脸上就是扑面而来。
156,11435,Whisper_Pink_110092_110092_D1a_0.jpg,理想中的经期肌肤洁净-看起来像,,我觉得应该是一朵一朵的棉花，很干净，很天然。
157,11436,Whisper_Pink_110092_110092_D2a_0.jpg,理想中的经期肌肤洁净-摸起来像,,我觉得摸起来应该是很绵绵的，软软的，有弹性。
158,11437,Whisper_Pink_110092_110092_D3a_0.jpg,理想中的经期肌肤洁净-闻起来像,,闻起来就像阳光照射衣服，那种很纯净的味道。
159,11438,Whisper_Pink_110092_110092_D4a_0.jpg,理想中的经期肌肤洁净-听起来像,,听起来就像沉浸在童话故事里，很纯真，很干净，很纯洁，很浪漫。
160,11448,Whisper_Pink_110093_110093_D1a_0.jpg,理想中的经期肌肤洁净-看起来像,,创口贴原来就是受伤的时候用的，然后我们来经期的时候会也像拥有一个伤口一样，可以就是像创口贴一样保护那个伤口。
161,11449,Whisper_Pink_110093_110093_D2a_0.jpg,理想中的经期肌肤洁净-摸起来像,,我选择丝绸的原因是因为他摸起来会比较舒服，然后贴身穿也不会很难受[流泪]，不会刺挠得慌。
162,11450,Whisper_Pink_110093_110093_D3a_0.jpg,理想中的经期肌肤洁净-闻起来像,,有一丝清香，但不宜过重，就会让人感觉很舒适。然后也会让人感觉很轻松。
163,11451,Whisper_Pink_110093_110093_D4a_0.jpg,理想中的经期肌肤洁净-听起来像,,就不会很硬，就谈谈的，有一些软就很舒适的那种感觉，不会太谈。
164,11461,ABC_110094_110094_D1a_0.jpg,理想中的经期肌肤洁净-看起来像,,看起来像高级的清洁产品。
165,11462,ABC_110094_110094_D2a_0.jpg,理想中的经期肌肤洁净-摸起来像,,我觉得摸起来像纸巾一样轻薄柔软。
166,11463,ABC_110094_110094_D3a_0.jpg,理想中的经期肌肤洁净-闻起来像,,闻起来像木质的香水儿。
167,11464,ABC_110094_110094_D4a_0.jpg,理想中的经期肌肤洁净-听起来像,,理想的肌肤洁净的卫生巾，应该听起来像流水的声音。
168,11474,Laurier_SSG_110095_110095_D1a_0.jpg,理想中的经期肌肤洁净-看起来像,,首先就是它的那个感觉，然后觉得很舒服，然后，怎么说呢，像水一样，就是很舒适。
169,11475,Laurier_SSG_110095_110095_D2a_0.jpg,理想中的经期肌肤洁净-摸起来像,,然后就是很干净很舒适，就是嗯，像床一样吧，然后就不会很扎肌肤。
170,11476,Laurier_SSG_110095_110095_D3a_0.jpg,理想中的经期肌肤洁净-闻起来像,,就是很干爽，然后像棉花一样很轻谈，然后就是嗯。
171,11477,Laurier_SSG_110095_110095_D4a_0.jpg,理想中的经期肌肤洁净-听起来像,,然后它是绿色的环保的，然后，并且如果要是有重要的效果就更好了。
172,11487,Whisper_Pink_110096_110096_D1a_0.jpg,理想中的经期肌肤洁净-看起来像,,看起来的话比较滋润，然后像水一样干净
173,11488,Whisper_Pink_110096_110096_D2a_0.jpg,理想中的经期肌肤洁净-摸起来像,,像云朵一样柔软。
174,11489,Whisper_Pink_110096_110096_D3a_0.jpg,理想中的经期肌肤洁净-闻起来像,,闻起来应该是有花香，这种清清香香的。
175,11490,Whisper_Pink_110096_110096_D4a_0.jpg,理想中的经期肌肤洁净-听起来像,,听起来就比较少女可爱。
176,11500,Laurier_Local_F_110104_110104_D1a_0.jpg,理想中的经期肌肤洁净-看起来像,,感觉会使肌肤很健康，洗澡也很舒服。
177,11501,Laurier_Local_F_110104_110104_D2a_0.jpg,理想中的经期肌肤洁净-摸起来像,,感觉像是在很清澈的湖边，或者是很干净的大海一样的洁净的，像湖水的镜面一样。
178,11502,Laurier_Local_F_110104_110104_D3a_0.jpg,理想中的经期肌肤洁净-闻起来像,,很像是在沐浴的阳光下，花香的味道，美好的生活
179,11503,Laurier_Local_F_110104_110104_D4a_0.jpg,理想中的经期肌肤洁净-听起来像,,感觉是内心有另一个心在向你呼唤，比较有设计感，比较干净。
180,11513,Laurier_Local_F_110106_110106_D1a_0.jpg,理想中的经期肌肤洁净-看起来像,,理想的肌肤白白净净的没有痘痘，而且很水润。
181,11514,Laurier_Local_F_110106_110106_D2a_0.jpg,理想中的经期肌肤洁净-摸起来像,,摸起来像棉花一样，软软的，很干燥。
182,11515,Laurier_Local_F_110106_110106_D3a_0.jpg,理想中的经期肌肤洁净-闻起来像,,理想的肌肤洁净，应该闻起来有一种淡淡的香味。最好是淡淡的茶香。
183,11516,Laurier_Local_F_110106_110106_D4a_0.jpg,理想中的经期肌肤洁净-听起来像,,听起来应该像海边一样清清爽爽的感觉。
184,11526,7S_Teen_Super_Thin_110108_110108_D1a_0.jpg,理想中的经期肌肤洁净-看起来像,,干净清爽，像大自然中。
185,11527,7S_Teen_Super_Thin_110108_110108_D2a_0.jpg,理想中的经期肌肤洁净-摸起来像,,简洁，温馨，像自己家的客厅一样。
186,11528,7S_Teen_Super_Thin_110108_110108_D3a_0.jpg,理想中的经期肌肤洁净-闻起来像,,像花海。
187,11529,7S_Teen_Super_Thin_110108_110108_D4a_0.jpg,理想中的经期肌肤洁净-听起来像,,吹风的声音和鸟叫的声音。
188,11539,Laurier_SSG_110109_110109_D1a_0.jpg,理想中的经期肌肤洁净-看起来像,,看起来就像明星的肌肤，素颜无压力。
189,11540,Laurier_SSG_110109_110109_D2a_0.jpg,理想中的经期肌肤洁净-摸起来像,,摸起来应该就是令人比较舒适愉悦，沉迷其中。像明星的肌肤一样，丝柔光滑。
190,11541,Laurier_SSG_110109_110109_D3a_0.jpg,理想中的经期肌肤洁净-闻起来像,,闻起来就是让人能感受到特别愉悦，开心的心情，就像明星的笑容一样。给人夏日般的气息。
191,11542,Laurier_SSG_110109_110109_D4a_0.jpg,理想中的经期肌肤洁净-听起来像,,听起来像海边的声音一样清爽干净。
192,11552,Sofy_BF_0.1_110111_110111_D1a_0.jpg,理想中的经期肌肤洁净-看起来像,,非常的清爽轻柔不黏腻，让我觉得非常的干净，吸收能力强。
193,11553,Sofy_BF_0.1_110111_110111_D2a_0.jpg,理想中的经期肌肤洁净-摸起来像,,包装小巧，有隐私性，颜色看上去非常的干净利落，摸起来应该像普通的绵柔纸巾。
194,11554,Sofy_BF_0.1_110111_110111_D3a_0.jpg,理想中的经期肌肤洁净-闻起来像,,柠檬给人的感觉是清新清爽，不是甜腻腻的。
195,11555,Sofy_BF_0.1_110111_110111_D4a_0.jpg,理想中的经期肌肤洁净-听起来像,,像一片海，他一直存在，暗藏汹涌，但是一直能纳百川。
196,11565,Sofy_NFS_110119_110119_D1a_0.jpg,理想中的经期肌肤洁净-看起来像,,我希望就像我的脸一样，然后也特别干净。
197,11566,Sofy_NFS_110119_110119_D2a_0.jpg,理想中的经期肌肤洁净-摸起来像,,像这溪流一样，然后摸起来，很舒服，然后看着也清澈
198,11567,Sofy_NFS_110119_110119_D3a_0.jpg,理想中的经期肌肤洁净-闻起来像,,闻起来就像这清清新的空气一样，非常舒服。
199,11568,Sofy_NFS_110119_110119_D4a_0.jpg,理想中的经期肌肤洁净-听起来像,,听起来像飞在天空中翱翔的这个清澈的鸟叫声。
200,11578,Sofy_NFS_110120_110120_D1a_0.jpg,理想中的经期肌肤洁净-看起来像,,我认为可以提供理想的净肤肌肤洁净的卫生巾应该看起来像果冻一样，Q弹，非常的软，就是又亲肤又软，然后像皮肤一样，这样Q弹就非常好。
201,11579,Sofy_NFS_110120_110120_D2a_0.jpg,理想中的经期肌肤洁净-摸起来像,,我认为可以提供理想的肌肤，洁净的卫生巾应该摸起来像牛奶一样丝滑，非常就是手感非常的好，然后也不扎手，也不会就是伤害皮肤这种滑嫩的感觉。
202,11580,Sofy_NFS_110120_110120_D3a_0.jpg,理想中的经期肌肤洁净-闻起来像,,我觉得可以提供理想的肌肤，洁净的卫生巾，应该闻起来像丁香花儿一样，非常的清新，非常的就是也不是说非常的像，但是有一点清新的香味儿，让这会儿这样会给人带来愉悦的心情，我需要理想中的肌肤洁净的人应该闻起来像丁香花一样。
203,11581,Sofy_NFS_110120_110120_D4a_0.jpg,理想中的经期肌肤洁净-听起来像,,我认为可以提供理想的肌肤，洁净的卫生巾应该听起来像小鸟的叫声，虽然叽叽喳喳的，但并不吵闹，是非常愉悦开心的感觉。
204,11591,ABC_110124_110124_D1a_0.jpg,理想中的经期肌肤洁净-看起来像,,像蓝天白云，就像现在蓝天白云一样，让人感觉心情愉悦，很舒服。
205,11592,ABC_110124_110124_D2a_0.jpg,理想中的经期肌肤洁净-摸起来像,,想吃到了自己喜欢的食物，然后心情很愉悦，很爽块。
206,11593,ABC_110124_110124_D3a_0.jpg,理想中的经期肌肤洁净-闻起来像,,像收到了花一样，然后花香很让人心情很放松，很愉悦。
207,11603,Laurier_SSG_110132_110132_D1a_0.jpg,理想中的经期肌肤洁净-看起来像,,感觉就像是敷面膜一样，肌肤非常的干净，舒爽。
208,11604,Laurier_SSG_110132_110132_D2a_0.jpg,理想中的经期肌肤洁净-摸起来像,,卫生巾闻起来可以有清爽的味道，像柠檬一样。
209,11605,Laurier_SSG_110132_110132_D3a_0.jpg,理想中的经期肌肤洁净-闻起来像,,表面摸起来柔软，给皮肤一种很舒服的感觉。
210,11606,Laurier_SSG_110132_110132_D4a_0.jpg,理想中的经期肌肤洁净-听起来像,,听起来环境和安静给人一种安逸的感觉。
211,11616,Sofy_NFS_110135_110135_D1a_0.jpg,理想中的经期肌肤洁净-看起来像,,像清洁绵滑滑的，白白的，软软的。
212,11617,Sofy_NFS_110135_110135_D2a_0.jpg,理想中的经期肌肤洁净-摸起来像,,摸起来像清洁棉，应该给人一种很柔软，很清爽的感觉。
213,11618,Sofy_NFS_110135_110135_D3a_0.jpg,理想中的经期肌肤洁净-闻起来像,,闻起来香香的，给人一种夏天也很清爽的感觉。
214,11619,Sofy_NFS_110135_110135_D4a_0.jpg,理想中的经期肌肤洁净-听起来像,,听起来像水，给人一种很清爽干净的感觉。
215,11629,7S_Teen_Super_Thin_110136_110136_D1a_0.jpg,理想中的经期肌肤洁净-看起来像,,看起来像白纸一样洁净
216,11630,7S_Teen_Super_Thin_110136_110136_D2a_0.jpg,理想中的经期肌肤洁净-摸起来像,,摸起来像棉花一样，柔软适合肌肤
217,11631,7S_Teen_Super_Thin_110136_110136_D3a_0.jpg,理想中的经期肌肤洁净-闻起来像,,闻起来绿茶清香
218,11632,7S_Teen_Super_Thin_110136_110136_D4a_0.jpg,理想中的经期肌肤洁净-听起来像,,听起来像棉花
219,11642,Sofy_NFS_110138_110138_D1a_0.jpg,理想中的经期肌肤洁净-看起来像,,像丝绸一样柔滑亲肤。
220,11643,Sofy_NFS_110138_110138_D2a_0.jpg,理想中的经期肌肤洁净-摸起来像,,是天然的棉花材质，可以有效的吸收，不会测漏
221,11644,Sofy_NFS_110138_110138_D3a_0.jpg,理想中的经期肌肤洁净-闻起来像,,闻起来无味，使人安心，或者是天然的花香。
222,11645,Sofy_NFS_110138_110138_D4a_0.jpg,理想中的经期肌肤洁净-听起来像,,听起来像风，让人感觉天然轻柔春风。
223,11654,ABC_110139_110139_D1a_0.jpg,理想中的经期肌肤洁净-看起来像,,应该像鲜花一样美好，给人美好的感觉[呲牙]。
224,11655,ABC_110139_110139_D2a_0.jpg,理想中的经期肌肤洁净-摸起来像,,摸起来会有蓝天白云，美好生活的感觉[呲牙]。
225,11656,ABC_110139_110139_D3a_0.jpg,理想中的经期肌肤洁净-闻起来像,,闻起来像大自然的感觉，有清风拂人的感觉。
226,11657,ABC_110139_110139_D4a_0.jpg,理想中的经期肌肤洁净-听起来像,,听起来应该像如沐春风，仿佛在鲜花海洋当中。
227,11667,Laurier_Local_F_110147_110147_D1a_0.jpg,理想中的经期肌肤洁净-看起来像,,像花儿一样，然后有香气的，柔软的让人感，看起来非常的美好。
228,11668,Laurier_Local_F_110147_110147_D2a_0.jpg,理想中的经期肌肤洁净-摸起来像,,像大海一样非常有层次感，然后觉得水流嗯，可以吸收的感觉。
229,11669,Laurier_Local_F_110147_110147_D3a_0.jpg,理想中的经期肌肤洁净-闻起来像,,像蛋糕一样清香甜甜的[呲牙]。
230,11670,Laurier_Local_F_110147_110147_D4a_0.jpg,理想中的经期肌肤洁净-听起来像,,听起来像音乐一样让人安心舒适轻松。
231,11680,Whisper_Pink_110148_110148_D1a_0.jpg,理想中的经期肌肤洁净-看起来像,,理想的肌肤洁净感觉是像一件礼物的感觉，是为你的生活添光增彩的，像是一个精致的小礼盒。
232,11681,Whisper_Pink_110148_110148_D2a_0.jpg,理想中的经期肌肤洁净-摸起来像,,感觉理想的肌肤像是纯正的果汁，做出了糖果，是那么的纯正并且理想的肌肤，是一个颜色的，没有别的颜色的杂质。
233,11682,Whisper_Pink_110148_110148_D3a_0.jpg,理想中的经期肌肤洁净-闻起来像,,闻起来像是天然的豆腐，那种豆香淡淡的纯纯的，像那种纯植物的味道。
234,11683,Whisper_Pink_110148_110148_D4a_0.jpg,理想中的经期肌肤洁净-听起来像,,听起来像是一首美妙的钢琴曲的，应该是很慢的节奏，并且有着非常优美的旋律。
235,11693,Laurier_SSG_110150_110150_D1a_0.jpg,理想中的经期肌肤洁净-看起来像,,看起来很轻薄，很透气，好像没有一样。
236,11694,Laurier_SSG_110150_110150_D2a_0.jpg,理想中的经期肌肤洁净-摸起来像,,摸起来跟没有一样，好像空气好像云朵。
237,11695,Laurier_SSG_110150_110150_D3a_0.jpg,理想中的经期肌肤洁净-闻起来像,,闻起来基本上没味儿，什么异味都没有最好。
238,11696,Laurier_SSG_110150_110150_D4a_0.jpg,理想中的经期肌肤洁净-听起来像,,好像透明的，然后好像山峰在山上特别轻松，听起来没有压力。
239,11706,Sofy_NFS_110153_110153_D1a_0.jpg,理想中的经期肌肤洁净-看起来像,,人在蓝天下感觉非常的清爽宜人。
240,11707,Sofy_NFS_110153_110153_D2a_0.jpg,理想中的经期肌肤洁净-摸起来像,,感觉非常像雨后的小花儿，摸起来非常的顺滑。
241,11708,Sofy_NFS_110153_110153_D3a_0.jpg,理想中的经期肌肤洁净-闻起来像,,闻起来就像是雨后清新的空气，雨后的水珠夹杂着空气的清新和清香。
242,11709,Sofy_NFS_110153_110153_D4a_0.jpg,理想中的经期肌肤洁净-听起来像,,听起来泉水响叮当非常干净利落。
243,11719,Laurier_SSG_110156_110156_D1a_0.jpg,理想中的经期肌肤洁净-看起来像,,看起来非常的干净，纯粹。
244,11720,Laurier_SSG_110156_110156_D4a_0.jpg,理想中的经期肌肤洁净-听起来像,,非常整洁舒适。
245,11721,Laurier_SSG_110156_110156_D3a_0.jpg,理想中的经期肌肤洁净-闻起来像,,整个非常的和谐，非常的舒服。
246,11722,Laurier_SSG_110156_110156_D2a_0.jpg,理想中的经期肌肤洁净-摸起来像,,非常的柔软。像婴儿的肌肤一样。
247,11732,Sofy_NFS_110157_110157_D1a_0.jpg,理想中的经期肌肤洁净-看起来像,,洁净让我想到白色。
248,11733,Sofy_NFS_110157_110157_D2a_0.jpg,理想中的经期肌肤洁净-摸起来像,,让我想到了面膜的触感
249,11734,Sofy_NFS_110157_110157_D3a_0.jpg,理想中的经期肌肤洁净-闻起来像,,让我想起了清洁的味道
250,11735,Sofy_NFS_110157_110157_D4a_0.jpg,理想中的经期肌肤洁净-听起来像,,像是黄鹂鸟的叫声，清脆的感觉
251,11745,Whisper_Pink_110164_110164_D4a_0.jpg,理想中的经期肌肤洁净-听起来像,,听起来要舒服。
252,11746,Whisper_Pink_110164_110164_D3a_0.jpg,理想中的经期肌肤洁净-闻起来像,,味道不要太重，希望像有花儿的那种香味儿。
253,11747,Whisper_Pink_110164_110164_D1a_0.jpg,理想中的经期肌肤洁净-看起来像,,看起来像花儿棉棉，柔柔的。
254,11748,Whisper_Pink_110164_110164_D2a_0.jpg,理想中的经期肌肤洁净-摸起来像,,摸起来绵绵的。
255,11758,Sofy_NFS_110165_110165_D1a_0.jpg,理想中的经期肌肤洁净-看起来像,,像云雾般柔软。
256,11759,Sofy_NFS_110165_110165_D2a_0.jpg,理想中的经期肌肤洁净-摸起来像,,蛋糕般柔软。
257,11760,Sofy_NFS_110165_110165_D3a_0.jpg,理想中的经期肌肤洁净-闻起来像,,花朵般清新。
258,11761,Sofy_NFS_110165_110165_D4a_0.jpg,理想中的经期肌肤洁净-听起来像,,清澈的流水。
259,11771,Laurier_SSG_110166_110166_D1a_0.jpg,理想中的经期肌肤洁净-看起来像,,刚刚沐浴过后，有一种清爽的感觉。
260,11772,Laurier_SSG_110166_110166_D3a_0.jpg,理想中的经期肌肤洁净-闻起来像,,有淡淡的果香，很清香。
261,11773,Laurier_SSG_110166_110166_D2a_0.jpg,理想中的经期肌肤洁净-摸起来像,,像刚刚洗过的脸，如牛奶一般丝滑。
262,11774,Laurier_SSG_110166_110166_D4a_0.jpg,理想中的经期肌肤洁净-听起来像,,听起来像有鸟语花香一般。
263,11784,Sofy_NFS_120004_120004_D1a_0.jpg,理想中的经期肌肤洁净-看起来像,,舒服的[呲牙]。
264,11785,Sofy_NFS_120004_120004_D2a_0.jpg,理想中的经期肌肤洁净-摸起来像,,轻盈地像空气。
265,11786,Sofy_NFS_120004_120004_D3a_0.jpg,理想中的经期肌肤洁净-闻起来像,,像大海的味道。
266,11787,Sofy_NFS_120004_120004_D4a_0.jpg,理想中的经期肌肤洁净-听起来像,,像玩伴一样
267,11797,Sofy_NFS_120005_120005_D1a_0.jpg,理想中的经期肌肤洁净-看起来像,,看起来像云朵，比较柔软，干净。
268,11798,Sofy_NFS_120005_120005_D2a_0.jpg,理想中的经期肌肤洁净-摸起来像,,摸起来像空气，就感觉比较透气吧。
269,11799,Sofy_NFS_120005_120005_D3a_0.jpg,理想中的经期肌肤洁净-闻起来像,,闻起来有一点点沐浴后的清香味道。
270,11800,Sofy_NFS_120005_120005_D4a_0.jpg,理想中的经期肌肤洁净-听起来像,,听起来让人感到很快乐，不会感到难受。
271,11810,Sofy_NFS_120006_120006_D1a_0.jpg,理想中的经期肌肤洁净-看起来像,,皮肤光滑。
272,11811,Sofy_NFS_120006_120006_D2a_0.jpg,理想中的经期肌肤洁净-摸起来像,,水润的。
273,11812,Sofy_NFS_120006_120006_D3a_0.jpg,理想中的经期肌肤洁净-闻起来像,,有花香的味道。
274,11813,Sofy_NFS_120006_120006_D4a_0.jpg,理想中的经期肌肤洁净-听起来像,,听起来像海的味道。
275,11823,Whisper_Pink_120008_120008_D1a_0.jpg,理想中的经期肌肤洁净-看起来像,,看起来像白云
276,11824,Whisper_Pink_120008_120008_D2a_0.jpg,理想中的经期肌肤洁净-摸起来像,,想清晨一样洁净
277,11825,Whisper_Pink_120008_120008_D3a_0.jpg,理想中的经期肌肤洁净-闻起来像,,像花香
278,11826,Whisper_Pink_120008_120008_D4a_0.jpg,理想中的经期肌肤洁净-听起来像,,听起来像微风。
279,11836,Sofy_NFS_120011_120011_D1a_0.jpg,理想中的经期肌肤洁净-看起来像,,看起来像棉花非常的亲肤，柔软舒适。
280,11837,Sofy_NFS_120011_120011_D2a_0.jpg,理想中的经期肌肤洁净-摸起来像,,那像布丁一样非常的丝滑 。
281,11838,Sofy_NFS_120011_120011_D3a_0.jpg,理想中的经期肌肤洁净-闻起来像,,闻起来应该像空气一样清新，或者像花香一样清新。
282,11839,Sofy_NFS_120011_120011_D4a_0.jpg,理想中的经期肌肤洁净-听起来像,,听起来像棉花一样柔软舒适亲肤。
283,11849,Whisper_Pink_120012_120012_D1a_0.jpg,理想中的经期肌肤洁净-看起来像,,这款卫生巾就比较时尚，就觉得很舒服，应该可以提供肌肤洁净
284,11850,Whisper_Pink_120012_120012_D2a_0.jpg,理想中的经期肌肤洁净-摸起来像,,可以很舒服，可以在夏天也可以穿短裤，然后呢，不会让人发现。
285,11851,Whisper_Pink_120012_120012_D3a_0.jpg,理想中的经期肌肤洁净-闻起来像,,闻起来有淡淡的花香，让人很愉悦。
286,11852,Whisper_Pink_120012_120012_D4a_0.jpg,理想中的经期肌肤洁净-听起来像,,希望可以闻起来很清新，听起来就好像是在吃气泡薯片的感觉。
287,11862,Sofy_NFS_120014_120014_D1a_0.jpg,理想中的经期肌肤洁净-看起来像,,我觉得理想的肌肤，洁净的卫生巾看起来应该就是像这种瀑布，是青山对水的，这种给人的感觉一样就是干净卫生，然后呢，清洁就是视觉冲击大，就是直接能让人感觉出来，这是个清洁的卫生巾。
288,11863,Sofy_NFS_120014_120014_D2a_0.jpg,理想中的经期肌肤洁净-摸起来像,,理想的肌肤洁净的卫生巾，摸起来我觉得应该是凉爽的，就比如说这个有这种冰冰凉凉的，然后很舒适，因为毕竟有的时候这个经期期间比较燥热，内心也比较烦躁，所以这种清凉的比较适合让人身心愉悦，然后比如像这种奶茶能带给人这种开心。
289,11864,Sofy_NFS_120014_120014_D3a_0.jpg,理想中的经期肌肤洁净-闻起来像,,理想的肌肤洁净的卫生巾，闻起来应该像就是这种有花有草，有这种就是草绿青青草地，然后鸟与花香闻起来就是这种清新自然，不要那种化学化学剂特别浓厚，也不要有那种什么化学产品的那种感觉，一定要清新自然。
290,11865,Sofy_NFS_120014_120014_D4a_0.jpg,理想中的经期肌肤洁净-听起来像,,理想的肌肤洁净的卫生巾，听起来应该就像这种沙滩海浪，这种感觉就比如说这种海浪冲上沙滩会带走呢，够然后留下这种就是干净的，这种感觉就是有被水滋润，然后清洁，听起来就是比较声声入耳啊，还是以舒适为主吧。
291,11875,Whisper_Pink_120017_120017_D1a_0.jpg,理想中的经期肌肤洁净-看起来像,,清澈干净。
292,11876,Whisper_Pink_120017_120017_D2a_0.jpg,理想中的经期肌肤洁净-摸起来像,,摸起来比较软的。
293,11877,Whisper_Pink_120017_120017_D3a_0.jpg,理想中的经期肌肤洁净-闻起来像,,闻起来清新。
294,11878,Whisper_Pink_120017_120017_D4a_0.jpg,理想中的经期肌肤洁净-听起来像,,有淡淡的，就是清水的声音。
295,11888,Sofy_NFS_120018_120018_D1a_0.jpg,理想中的经期肌肤洁净-看起来像,,干净精致。
296,11889,Sofy_NFS_120018_120018_D2a_0.jpg,理想中的经期肌肤洁净-摸起来像,,像花瓣一样柔软。
297,11890,Sofy_NFS_120018_120018_D3a_0.jpg,理想中的经期肌肤洁净-闻起来像,,淡淡的花香。
298,11891,Sofy_NFS_120018_120018_D4a_0.jpg,理想中的经期肌肤洁净-听起来像,,雨打在树木上的声音。
299,11901,Sofy_NFS_120023_120023_D1a_0.jpg,理想中的经期肌肤洁净-看起来像,,像水一样洁净。
300,11902,Sofy_NFS_120023_120023_D2a_0.jpg,理想中的经期肌肤洁净-摸起来像,,像婴儿的皮肤一样柔软。
301,11903,Sofy_NFS_120023_120023_D3a_0.jpg,理想中的经期肌肤洁净-闻起来像,,绿色的大自然感觉。
302,11904,Sofy_NFS_120023_120023_D4a_0.jpg,理想中的经期肌肤洁净-听起来像,,海边的风，很舒服的感觉。
303,11914,Sofy_NFS_120025_120025_D1a_0.jpg,理想中的经期肌肤洁净-看起来像,,看起来像蒲公英，很干净，很清爽。
304,11915,Sofy_NFS_120025_120025_D2a_0.jpg,理想中的经期肌肤洁净-摸起来像,,向幸福的气球摸起来很有感觉，让皮肤更好的贴近肌肤。
305,11916,Sofy_NFS_120025_120025_D3a_0.jpg,理想中的经期肌肤洁净-闻起来像,,犹如婴儿般的肌肤，皮肤很水润，无疼痛感。
306,11917,Sofy_NFS_120025_120025_D4a_0.jpg,理想中的经期肌肤洁净-听起来像,,小桥流水，烟雨蒙蒙，细如安详。
307,11927,Sofy_NFS_120027_120027_D1a_0.jpg,理想中的经期肌肤洁净-看起来像,,理想的肌肤洁净卫生巾应该外观漂亮。
308,11928,Sofy_NFS_120027_120027_D2a_0.jpg,理想中的经期肌肤洁净-摸起来像,,理想的肌肤洁净卫生巾应该摸起来像花一样柔软舒服细腻。
309,11929,Sofy_NFS_120027_120027_D3a_0.jpg,理想中的经期肌肤洁净-闻起来像,,理想的肌肤清洁卫生巾应该闻起来清香淡雅不刺激。
310,11930,Sofy_NFS_120027_120027_D4a_0.jpg,理想中的经期肌肤洁净-听起来像,,理想的肌肤清洁卫生巾，听起来应该像动画片一样让人喜欢。
311,11940,Whisper_Pink_120029_120029_D1a_0.jpg,理想中的经期肌肤洁净-看起来像,,是柔軟。
312,11941,Whisper_Pink_120029_120029_D2a_0.jpg,理想中的经期肌肤洁净-摸起来像,,棉質的。
313,11942,Whisper_Pink_120029_120029_D3a_0.jpg,理想中的经期肌肤洁净-闻起来像,,是摸起來順滑的。
314,11943,Whisper_Pink_120029_120029_D4a_0.jpg,理想中的经期肌肤洁净-听起来像,,像水一樣的絲滑。
315,11953,Sofy_NFS_120030_120030_D1a_0.jpg,理想中的经期肌肤洁净-看起来像,,我希望理想的肌肤洁净，像婴儿的皮肤一样细腻丝滑。
316,11954,Sofy_NFS_120030_120030_D2a_0.jpg,理想中的经期肌肤洁净-摸起来像,,我理想的肌肤洁净，像鲜花一样鲜嫩美丽。
317,11955,Sofy_NFS_120030_120030_D3a_0.jpg,理想中的经期肌肤洁净-闻起来像,,理想的肌肤洁净，闻起来像宝宝的奶香味儿。
318,11956,Sofy_NFS_120030_120030_D4a_0.jpg,理想中的经期肌肤洁净-听起来像,,理想的肌肤洁净，听起来像大自然的声音。
319,11966,Sofy_NFS_120031_120031_D1a_0.jpg,理想中的经期肌肤洁净-看起来像,,希望经期不长痘痘。
320,11967,Sofy_NFS_120031_120031_D2a_0.jpg,理想中的经期肌肤洁净-摸起来像,,皮肤光滑细嫩。
321,11968,Sofy_NFS_120031_120031_D3a_0.jpg,理想中的经期肌肤洁净-闻起来像,,皮肤好，没有毛孔。
322,11969,Sofy_NFS_120031_120031_D4a_0.jpg,理想中的经期肌肤洁净-听起来像,,轻薄感受皮肤好。
323,11979,Sofy_NFS_120032_120032_D1a_0.jpg,理想中的经期肌肤洁净-看起来像,,像剥了壳的鸡蛋一样干净，洁白。
324,11980,Sofy_NFS_120032_120032_D2a_0.jpg,理想中的经期肌肤洁净-摸起来像,,摸起来像珍珠一样，有光泽，细腻。
325,11981,Sofy_NFS_120032_120032_D3a_0.jpg,理想中的经期肌肤洁净-闻起来像,,像干净的清水一样洁净清新。
326,11982,Sofy_NFS_120032_120032_D4a_0.jpg,理想中的经期肌肤洁净-听起来像,,有花开一样的感觉。
327,11992,Sofy_NFS_120034_120034_D1a_0.jpg,理想中的经期肌肤洁净-看起来像,,看起来干净整洁。
328,11993,Sofy_NFS_120034_120034_D2a_0.jpg,理想中的经期肌肤洁净-摸起来像,,摸起来很柔软。
329,11994,Sofy_NFS_120034_120034_D3a_0.jpg,理想中的经期肌肤洁净-闻起来像,,闻起来很清新。
330,11995,Sofy_NFS_120034_120034_D4a_0.jpg,理想中的经期肌肤洁净-听起来像,,听起来很安静
331,12005,Sofy_NFS_120035_120035_D1a_0.jpg,理想中的经期肌肤洁净-看起来像,,看起来就是很干净，很清凉，很透气。
332,12006,Sofy_NFS_120035_120035_D2a_0.jpg,理想中的经期肌肤洁净-摸起来像,,摸起来就像婴儿的皮肤。
333,12007,Sofy_NFS_120035_120035_D3a_0.jpg,理想中的经期肌肤洁净-闻起来像,,闻起来就是很清香，像茉莉花香一样。
334,12008,Sofy_NFS_120035_120035_D4a_0.jpg,理想中的经期肌肤洁净-听起来像,,听起来就是很开心，像出去玩儿一样。
335,12018,Whisper_Pink_120037_120037_D1a_0.jpg,理想中的经期肌肤洁净-看起来像,,看起来像光滑的肌肤一样。
336,12019,Whisper_Pink_120037_120037_D2a_0.jpg,理想中的经期肌肤洁净-摸起来像,,摸起来是水润的，柔和的。
337,12020,Whisper_Pink_120037_120037_D3a_0.jpg,理想中的经期肌肤洁净-闻起来像,,闻起来像桃子一样甜甜的。
338,12021,Whisper_Pink_120037_120037_D4a_0.jpg,理想中的经期肌肤洁净-听起来像,,听起来像草莓芝士蛋糕一样柔软的。
339,12031,Whisper_Pink_120042_120042_D1a_0.jpg,理想中的经期肌肤洁净-看起来像,,我觉得理想的那个样子，应该是看起来像洁白的丝绸，看起来很丝滑柔软，然后是白色的，很干净啊，然后它的颜色也白的也比较自然，像丝绸或者像珍珠一样那种，白的，然后自然的那种光泽，不是像荧光粉的那种白。
340,12032,Whisper_Pink_120042_120042_D2a_0.jpg,理想中的经期肌肤洁净-摸起来像,,摸起来应该像鸡蛋一样光滑柔软，有弹性就Q弹，这个还想那个鸡蛋一样细腻，然后颜色也是洁白的，就是触感很柔软很丝滑。
341,12033,Whisper_Pink_120042_120042_D3a_0.jpg,理想中的经期肌肤洁净-闻起来像,,闻起来像玉兰花瓣儿一样淡淡的幽香，很自然，不刺鼻，很优雅很洁净。
342,12034,Whisper_Pink_120042_120042_D4a_0.jpg,理想中的经期肌肤洁净-听起来像,,听起来像竹鲜切的竹笋，从竹笋里的出来的那种损之而滴滴答答的自然清脆轻柔啊，觉得她应该是那种温柔的，清脆的声音。
343,12044,Whisper_Pink_120044_120044_D1a_0.jpg,理想中的经期肌肤洁净-看起来像,,清新、洁净，花香。
344,12045,Whisper_Pink_120044_120044_D2a_0.jpg,理想中的经期肌肤洁净-摸起来像,,白皙丝滑。肌肤有弹性
345,12046,Whisper_Pink_120044_120044_D3a_0.jpg,理想中的经期肌肤洁净-闻起来像,,水果，酸奶的清香味。
346,12047,Whisper_Pink_120044_120044_D4a_0.jpg,理想中的经期肌肤洁净-听起来像,,轻轻的有Q弹的感觉。
347,12057,Whisper_Pink_120047_120047_D1a_0.jpg,理想中的经期肌肤洁净-看起来像,,看起来很柔软丝滑，有种在空中云端的感觉，肌肤很绵柔。
348,12058,Whisper_Pink_120047_120047_D2a_0.jpg,理想中的经期肌肤洁净-摸起来像,,摸起来像天空中的云彩和热气球，仿佛可以摸到他的感受，丝滑绵密的质感让人有种轻松愉悦的感觉，像天空中的云彩和热气球的膨胀。
349,12059,Whisper_Pink_120047_120047_D3a_0.jpg,理想中的经期肌肤洁净-闻起来像,,闻起来像卧室中的花草香。
350,12060,Whisper_Pink_120047_120047_D4a_0.jpg,理想中的经期肌肤洁净-听起来像,,像花瓶中藕荷紫的花朵，清新且干净。
351,12070,Sofy_NFS_120049_120049_D3a_0.jpg,理想中的经期肌肤洁净-闻起来像,,绿色有淡淡的花香。
352,12071,Sofy_NFS_120049_120049_D1a_0.jpg,理想中的经期肌肤洁净-看起来像,,洁净没有污染。
353,12072,Sofy_NFS_120049_120049_D2a_0.jpg,理想中的经期肌肤洁净-摸起来像,,摸起来柔软蓬松。
354,12073,Sofy_NFS_120049_120049_D4a_0.jpg,理想中的经期肌肤洁净-听起来像,,听起来像清晨的鸟叫声。
355,12083,Whisper_Pink_120051_120051_D1a_0.jpg,理想中的经期肌肤洁净-看起来像,,像棉花一样柔软。
356,12084,Whisper_Pink_120051_120051_D2a_0.jpg,理想中的经期肌肤洁净-摸起来像,,摸起来应该像海绵一样，吸收性特别好。
357,12085,Whisper_Pink_120051_120051_D3a_0.jpg,理想中的经期肌肤洁净-闻起来像,,闻起来像香水一样淡淡的香味。
358,12086,Whisper_Pink_120051_120051_D4a_0.jpg,理想中的经期肌肤洁净-听起来像,,听起来像小婴儿的肌肤一样柔软细腻
359,12096,Whisper_Pink_120052_120052_D1a_0.jpg,理想中的经期肌肤洁净-看起来像,,轻柔丝滑。
360,12097,Whisper_Pink_120052_120052_D2a_0.jpg,理想中的经期肌肤洁净-摸起来像,,像云朵，摸起来软绵绵的。
361,12098,Whisper_Pink_120052_120052_D3a_0.jpg,理想中的经期肌肤洁净-闻起来像,,闻起来像小花一样清新。
362,12099,Whisper_Pink_120052_120052_D4a_0.jpg,理想中的经期肌肤洁净-听起来像,,像在花园儿里的声音很放松享受。
363,12109,Sofy_NFS_120055_120055_D1a_0.jpg,理想中的经期肌肤洁净-看起来像,,像13岁少女的肌肤一样有光泽
364,12110,Sofy_NFS_120055_120055_D2a_0.jpg,理想中的经期肌肤洁净-摸起来像,,摸着肌肤很干净。
365,12111,Sofy_NFS_120055_120055_D3a_0.jpg,理想中的经期肌肤洁净-闻起来像,,闻起来特别清爽。
366,12112,Sofy_NFS_120055_120055_D4a_0.jpg,理想中的经期肌肤洁净-听起来像,,清爽的肌肤嘭嘭的感觉。
367,12122,Sofy_NFS_120064_120064_D1a_0.jpg,理想中的经期肌肤洁净-看起来像,,淡淡的花香清洁作用。
368,12123,Sofy_NFS_120064_120064_D2a_0.jpg,理想中的经期肌肤洁净-摸起来像,,不渗漏，安全的感觉。
369,12124,Sofy_NFS_120064_120064_D3a_0.jpg,理想中的经期肌肤洁净-闻起来像,,闻起来清新的香味，淡淡的。
370,12125,Sofy_NFS_120064_120064_D4a_0.jpg,理想中的经期肌肤洁净-听起来像,,舒服的是海浪声音。
